Workbook

Sheet Read Me
A1: Nest Ambassadors — Referral Tracking Workbook (V1)
A2: BirdNest · Internal · Confidential — designed to be opened directly in Google Sheets
A4: What this is
A5: • The single source of truth for the Nest Ambassadors employee referral programme (V1). Every referral — however it enters — lands as one row in the 'Referral Tracking' tab.
A7: Two intake paths, one sheet
A8: • 1. Employee Pre-Submitted — an Ambassador fills the referral form BEFORE the client contacts BirdNest. The form timestamp is the attribution proof (must predate any CRM record).
A9: • 2. Client WhatsApp Form — a client messages BirdNest's WhatsApp number claiming a referral. Whoever answers sends back the client-facing Google Form link (see the form-spec doc). The client fills it themselves before the reservation process starts. That submission timestamp is the attribution proof.
A10: • Both Google Forms should be configured to write their responses into the 'Referral Tracking' tab (Google Forms > Responses > link to existing spreadsheet, choosing this tab). Until the two forms are live, Commercial Ops enters rows manually using the same columns.
A12: Ownership rule
A13: • ONE Commercial Ops editor owns the 'Referral Tracking' tab (validation status, assigned-to, conversion, commission columns). Everyone else — Sales, Marketing, CX, leadership — gets VIEW ONLY access. Reconcile weekly, before the Ambassadors WhatsApp leaderboard update.
A15: Tabs in this workbook
A16: • Referral Tracking — the master log. Every submission, both intake paths, one row each.
... A28: • Sample referral rows (rows 2-9 of Referral Tracking) are illustrative only — delete before go-live.

Sheet Referral Tracking
A1: Referral ID | B1: Timestamp | C1: Attribution Source | D1: Ambassador Name | E1: Department | F1: Referral Code Quoted | G1: Client Name | H1: Client Phone | I1: Client Email | J1: Product Track | K1: How Ambassador Knows Lead | L1: WhatsApp Evidence Link | M1: Validation Status | N1: Validation Date | O1: Assigned To | P1: Conversion Status | Q1: Conversion Date | R1: Booking/Deal Value (EGP) | S1: Commission Due (EGP) | T1: Commission Paid | U1: Dispute Flag | V1: Notes
A2: =CONCATENATE("REF-",TEXT(ROW()-1,"0000")) -> REF-0001 | B2: 2026-07-13 09:14 | C2: Employee Pre-Submitted | D2: Aya Farouk | E2: =IFERROR(INDEX('Staff List'!$B$2:$B$11,MATCH(D2,'Staff List'!$A$2:$A$11,0)),"") -> Sales | F2: NEST-AF-01 | G2: Mostafa Kamal | H2: 01012345678 | I2: mostafa.k@example.com | J2: Sahel Reservation | K2: Childhood friend | M2: Valid | N2: 2026-07-13 | O2: Sales | P2: Booked-Paid | Q2: 2026-07-15 | R2: 185000 | S2: =IF(P2="Booked-Paid",IFERROR(R2*INDEX('Commission Rules'!$B$2:$B$3,MATCH(J2,'Commission Rules'!$A$2:$A$3,0)),""),"") -> 1850 | T2: Y | U2: N
A3: =CONCATENATE("REF-",TEXT(ROW()-1,"0000")) -> REF-0002 | B3: 2026-07-13 11:02 | C3: Client WhatsApp Form | D3: Yara Sami | E3: =IFERROR(INDEX('Staff List'!$B$2:$B$11,MATCH(D3,'Staff List'!$A$2:$A$11,0)),"") -> CX | G3: Nourhan Adel | H3: 01098765432 | J3: Furnishing Package | K3: Colleague at previous job | L3: drive.google.com/evidence/wa-0001 | M3: Valid | N3: 2026-07-13 | O3: CX | P3: In Progress | S3: =IF(P3="Booked-Paid",IFERROR(R3*INDEX('Commission Rules'!$B$2:$B$3,MATCH(J3,'Commission Rules'!$A$2:$A$3,0)),""),"") | T3: N | U3: N
A4: =CONCATENATE("REF-",TEXT(ROW()-1,"0000")) -> REF-0003 | B4: 2026-07-14 15:40 | C4: Employee Pre-Submitted | D4: Omar Hassan | E4: =IFERROR(INDEX('Staff List'!$B$2:$B$11,MATCH(D4,'Staff List'!$A$2:$A$11,0)),"") -> Sales | F4: NEST-OH-01 | G4: Sara Ibrahim | H4: 01234567890 | I4: sara.ib@example.com | J4: Sahel Reservation | K4: Neighbour | M4: Duplicate | N4: 2026-07-14 | O4: Sales | P4: Lost | S4: =IF(P4="Booked-Paid",IFERROR(R4*INDEX('Commission Rules'!$B$2:$B$3,MATCH(J4,'Commission Rules'!$A$2:$A$3,0)),""),"") | T4: N | U4: Y
A5: =CONCATENATE("REF-",TEXT(ROW()-1,"0000")) -> REF-0004 | B5: 2026-07-15 10:20 | C5: Client WhatsApp Form | D5: Aya Farouk | E5: =IFERROR(INDEX('Staff List'!$B$2:$B$11,MATCH(D5,'Staff List'!$A$2:$A$11,0)),"") -> Sales | G5: Khaled Nabil | H5: 01122334455 | I5: khaled.n@example.com | J5: Sahel Reservation | K5: Gym friend | L5: drive.google.com/evidence/wa-0002 | M5: Valid | N5: 2026-07-15 | O5: Sales | P5: Booked-Paid | Q5: 2026-07-18 | R5: 210000 | S5: =IF(P5="Booked-Paid",IFERROR(R5*INDEX('Commission Rules'!$B$2:$B$3,MATCH(J5,'Commission Rules'!$A$2:$A$3,0)),""),"") -> 2100 | T5: Y | U5: N
A6: =CONCATENATE("REF-",TEXT(ROW()-1,"0000")) -> REF-0005 | B6: 2026-07-16 08:55 | C6: Employee Pre-Submitted | D6: Mariam Adel | E6: =IFERROR(INDEX('Staff List'!$B$2:$B$11,MATCH(D6,'Staff List'!$A$2:$A$11,0)),"") -> Marketing | F6: NEST-MA-01 | G6: Hassan Tarek | H6: 01055667788 | J6: Furnishing Package | K6: Cousin | M6: New | P6: In Progress | S6: =IF(P6="Booked-Paid",IFERROR(R6*INDEX('Commission Rules'!$B$2:$B$3,MATCH(J6,'Commission Rules'!$A$2:$A$3,0)),""),"") | T6: N | U6: N
A7: =CONCATENATE("REF-",TEXT(ROW()-1,"0000")) -> REF-0006 | B7: 2026-07-16 17:30 | C7: Client WhatsApp Form | D7: Karim Youssef | E7: =IFERROR(INDEX('Staff List'!$B$2:$B$11,MATCH(D7,'Staff List'!$A$2:$A$11,0)),"") -> CX | G7: Dina Mahmoud | H7: 01199887766 | I7: dina.m@example.com | J7: Sahel Reservation | K7: University friend | L7: drive.google.com/evidence/wa-0003 | M7: Invalid | N7: 2026-07-17 | O7: CX | P7: Lost | S7: =IF(P7="Booked-Paid",IFERROR(R7*INDEX('Commission Rules'!$B$2:$B$3,MATCH(J7,'Commission Rules'!$A$2:$A$3,0)),""),"") | T7: N | U7: N
A8: =CONCATENATE("REF-",TEXT(ROW()-1,"0000")) -> REF-0007 | B8: 2026-07-17 12:11 | C8: Employee Pre-Submitted | D8: Nourhan Ali | E8: =IFERROR(INDEX('Staff List'!$B$2:$B$11,MATCH(D8,'Staff List'!$A$2:$A$11,0)),"") -> Marketing | F8: NEST-NA-01 | G8: Ahmed Salah | H8: 01277665544 | I8: ahmed.s@example.com | J8: Furnishing Package | K8: Brother-in-law | M8: Valid | N8: 2026-07-17 | O8: Sales | P8: In Progress | S8: =IF(P8="Booked-Paid",IFERROR(R8*INDEX('Commission Rules'!$B$2:$B$3,MATCH(J8,'Commission Rules'!$A$2:$A$3,0)),""),"") | T8: N | U8: N
A9: =CONCATENATE("REF-",TEXT(ROW()-1,"0000")) -> REF-0008 | B9: 2026-07-18 09:05 | C9: Client WhatsApp Form | D9: Aya Farouk | E9: =IFERROR(INDEX('Staff List'!$B$2:$B$11,MATCH(D9,'Staff List'!$A$2:$A$11,0)),"") -> Sales | G9: Laila Fathy | H9: 01033445566 | J9: Sahel Reservation | K9: Sister | L9: drive.google.com/evidence/wa-0004 | M9: Valid | N9: 2026-07-18 | O9: Sales | P9: Booked-Paid | Q9: 2026-07-19 | R9: 195000 | S9: =IF(P9="Booked-Paid",IFERROR(R9*INDEX('Commission Rules'!$B$2:$B$3,MATCH(J9,'Commission Rules'!$A$2:$A$3,0)),""),"") -> 1950 | T9: Y | U9: N

Sheet Staff List
A1: Ambassador Name | B1: Department | C1: Referral Code | D1: Eligible (Y/N)
A2: Aya Farouk | B2: Sales | C2: NEST-AF-01 | D2: Y
A3: Omar Hassan | B3: Sales | C3: NEST-OH-01 | D3: Y
A4: Yara Sami | B4: CX | C4: NEST-YS-01 | D4: Y
A5: Karim Youssef | B5: CX | C5: NEST-KY-01 | D5: Y
A6: Mariam Adel | B6: Marketing | C6: NEST-MA-01 | D6: Y
A7: Nourhan Ali | B7: Marketing | C7: NEST-NA-01 | D7: Y
A8: Hady Mostafa | B8: Commercial Ops | C8: NEST-HM-01 | D8: Y
A9: Salma Reda | B9: Commercial Ops | C9: NEST-SR-01 | D9: Y
A10: Youssef Kamel | B10: Finance | C10: NEST-YK-01 | D10: Y
A11: Nada Ashraf | B11: HR | C11: NEST-NA-02 | D11: Y
A13: Replace with the authoritative eligible-employee list from HR before launch.

Sheet Commission Rules
A1: Product Track | B1: Commission Rate (% of Booking/Deal Value) | C1: Status
A2: Sahel Reservation | B2: 0.01 | C2: Confirmed — 1% of booking value (L1)
A3: Furnishing Package | B3: 0.01 | C3: Confirmed — 1% of deal value (L1)
A5: Source: confirmed rate — 1% of Booking/Deal Value, both tracks. Commission Due in Referral Tracking = Booking/Deal Value x this rate. Edit the rate cells above if leadership revises it; Commission Due recalculates automatically.

Sheet Leaderboard
A1: Ambassador Name | B1: Department | C1: Referrals Submitted | D1: Validated | E1: Converted | F1: Total Commission Earned (EGP)
A2: ='Staff List'!A2 -> Aya Farouk | B2: ='Staff List'!B2 -> Sales | C2: =COUNTIF('Referral Tracking'!$D$2:$D$500,A2) -> 3 | D2: =COUNTIFS('Referral Tracking'!$D$2:$D$500,A2,'Referral Tracking'!$M$2:$M$500,"Valid") -> 3 | E2: =COUNTIFS('Referral Tracking'!$D$2:$D$500,A2,'Referral Tracking'!$P$2:$P$500,"Booked-Paid") -> 3 | F2: =SUMIFS('Referral Tracking'!$S$2:$S$500,'Referral Tracking'!$D$2:$D$500,A2) -> 5900
A3: ='Staff List'!A3 -> Omar Hassan | B3: ='Staff List'!B3 -> Sales | C3: =COUNTIF('Referral Tracking'!$D$2:$D$500,A3) -> 1 | D3: =COUNTIFS('Referral Tracking'!$D$2:$D$500,A3,'Referral Tracking'!$M$2:$M$500,"Valid") -> 0 | E3: =COUNTIFS('Referral Tracking'!$D$2:$D$500,A3,'Referral Tracking'!$P$2:$P$500,"Booked-Paid") -> 0 | F3: =SUMIFS('Referral Tracking'!$S$2:$S$500,'Referral Tracking'!$D$2:$D$500,A3) -> 0
A4: ='Staff List'!A4 -> Yara Sami | B4: ='Staff List'!B4 -> CX | C4: =COUNTIF('Referral Tracking'!$D$2:$D$500,A4) -> 1 | D4: =COUNTIFS('Referral Tracking'!$D$2:$D$500,A4,'Referral Tracking'!$M$2:$M$500,"Valid") -> 1 | E4: =COUNTIFS('Referral Tracking'!$D$2:$D$500,A4,'Referral Tracking'!$P$2:$P$500,"Booked-Paid") -> 0 | F4: =SUMIFS('Referral Tracking'!$S$2:$S$500,'Referral Tracking'!$D$2:$D$500,A4) -> 0
A5: ='Staff List'!A5 -> Karim Youssef | B5: ='Staff List'!B5 -> CX | C5: =COUNTIF('Referral Tracking'!$D$2:$D$500,A5) -> 1 | D5: =COUNTIFS('Referral Tracking'!$D$2:$D$500,A5,'Referral Tracking'!$M$2:$M$500,"Valid") -> 0 | E5: =COUNTIFS('Referral Tracking'!$D$2:$D$500,A5,'Referral Tracking'!$P$2:$P$500,"Booked-Paid") -> 0 | F5: =SUMIFS('Referral Tracking'!$S$2:$S$500,'Referral Tracking'!$D$2:$D$500,A5) -> 0
A6: ='Staff List'!A6 -> Mariam Adel | B6: ='Staff List'!B6 -> Marketing | C6: =COUNTIF('Referral Tracking'!$D$2:$D$500,A6) -> 1 | D6: =COUNTIFS('Referral Tracking'!$D$2:$D$500,A6,'Referral Tracking'!$M$2:$M$500,"Valid") -> 0 | E6: =COUNTIFS('Referral Tracking'!$D$2:$D$500,A6,'Referral Tracking'!$P$2:$P$500,"Booked-Paid") -> 0 | F6: =SUMIFS('Referral Tracking'!$S$2:$S$500,'Referral Tracking'!$D$2:$D$500,A6) -> 0
A7: ='Staff List'!A7 -> Nourhan Ali | B7: ='Staff List'!B7 -> Marketing | C7: =COUNTIF('Referral Tracking'!$D$2:$D$500,A7) -> 1 | D7: =COUNTIFS('Referral Tracking'!$D$2:$D$500,A7,'Referral Tracking'!$M$2:$M$500,"Valid") -> 1 | E7: =COUNTIFS('Referral Tracking'!$D$2:$D$500,A7,'Referral Tracking'!$P$2:$P$500,"Booked-Paid") -> 0 | F7: =SUMIFS('Referral Tracking'!$S$2:$S$500,'Referral Tracking'!$D$2:$D$500,A7) -> 0
A8: ='Staff List'!A8 -> Hady Mostafa | B8: ='Staff List'!B8 -> Commercial Ops | C8: =COUNTIF('Referral Tracking'!$D$2:$D$500,A8) -> 0 | D8: =COUNTIFS('Referral Tracking'!$D$2:$D$500,A8,'Referral Tracking'!$M$2:$M$500,"Valid") -> 0 | E8: =COUNTIFS('Referral Tracking'!$D$2:$D$500,A8,'Referral Tracking'!$P$2:$P$500,"Booked-Paid") -> 0 | F8: =SUMIFS('Referral Tracking'!$S$2:$S$500,'Referral Tracking'!$D$2:$D$500,A8) -> 0
A9: ='Staff List'!A9 -> Salma Reda | B9: ='Staff List'!B9 -> Commercial Ops | C9: =COUNTIF('Referral Tracking'!$D$2:$D$500,A9) -> 0 | D9: =COUNTIFS('Referral Tracking'!$D$2:$D$500,A9,'Referral Tracking'!$M$2:$M$500,"Valid") -> 0 | E9: =COUNTIFS('Referral Tracking'!$D$2:$D$500,A9,'Referral Tracking'!$P$2:$P$500,"Booked-Paid") -> 0 | F9: =SUMIFS('Referral Tracking'!$S$2:$S$500,'Referral Tracking'!$D$2:$D$500,A9) -> 0
A10: ='Staff List'!A10 -> Youssef Kamel | B10: ='Staff List'!B10 -> Finance | C10: =COUNTIF('Referral Tracking'!$D$2:$D$500,A10) -> 0 | D10: =COUNTIFS('Referral Tracking'!$D$2:$D$500,A10,'Referral Tracking'!$M$2:$M$500,"Valid") -> 0 | E10: =COUNTIFS('Referral Tracking'!$D$2:$D$500,A10,'Referral Tracking'!$P$2:$P$500,"Booked-Paid") -> 0 | F10: =SUMIFS('Referral Tracking'!$S$2:$S$500,'Referral Tracking'!$D$2:$D$500,A10) -> 0
A11: ='Staff List'!A11 -> Nada Ashraf | B11: ='Staff List'!B11 -> HR | C11: =COUNTIF('Referral Tracking'!$D$2:$D$500,A11) -> 0 | D11: =COUNTIFS('Referral Tracking'!$D$2:$D$500,A11,'Referral Tracking'!$M$2:$M$500,"Valid") -> 0 | E11: =COUNTIFS('Referral Tracking'!$D$2:$D$500,A11,'Referral Tracking'!$P$2:$P$500,"Booked-Paid") -> 0 | F11: =SUMIFS('Referral Tracking'!$S$2:$S$500,'Referral Tracking'!$D$2:$D$500,A11) -> 0
A13: Sort this tab descending by 'Total Commission Earned' (Data > Sort range) before each weekly WhatsApp leaderboard broadcast — dynamic SORT is intentionally not used so the sheet stays compatible with Excel/LibreOffice.

Sheet Summary Dashboard
A1: Nest Ambassadors — Summary Dashboard
A2: Auto-computed from Referral Tracking — refresh by reopening the sheet
A4: Total Referrals | B4: =COUNTIF('Referral Tracking'!$C$2:$C$500,"<>") -> 8
A5: Validated Referrals | B5: =COUNTIF('Referral Tracking'!$M$2:$M$500,"Valid") -> 5
A6: Validation Rate | B6: =IFERROR(B5/B4,"") -> 0.625
A7: Converted (Booked-Paid) | B7: =COUNTIF('Referral Tracking'!$P$2:$P$500,"Booked-Paid") -> 3
A8: Conversion Rate (of Validated) | B8: =IFERROR(B7/B5,"") -> 0.6
A9: Total Commission Paid (EGP) | B9: =SUMIF('Referral Tracking'!$T$2:$T$500,"Y",'Referral Tracking'!$S$2:$S$500) -> 5900
A10: — By Attribution Source —
A11: Employee Pre-Submitted | B11: =COUNTIF('Referral Tracking'!$C$2:$C$500,"Employee Pre-Submitted") -> 4
A12: Client WhatsApp Form | B12: =COUNTIF('Referral Tracking'!$C$2:$C$500,"Client WhatsApp Form") -> 4
A13: — By Product Track —
A14: Sahel Reservation | B14: =COUNTIF('Referral Tracking'!$J$2:$J$500,"Sahel Reservation") -> 5
A15: Furnishing Package | B15: =COUNTIF('Referral Tracking'!$J$2:$J$500,"Furnishing Package") -> 3
